id,question,choice(c),correct answer,which concept this question belongs to,times_appeared,times_correct
1,Which statement best describes the optimizer's role during neural network training?,A. It updates model parameters using gradients to reduce the loss | B. It chooses the number of layers by searching architectures | C. It decides which dataset split should be used for testing | D. It converts labels into one-hot vectors,A,Optimizer,0,0
2,"A model's training loss keeps falling, but validation loss starts rising after epoch 6. What is the best diagnosis and response?",A. Underfitting; add more epochs | B. Overfitting; consider early stopping around the validation-loss minimum | C. Exploding gradients; remove the validation set | D. Bad labels; switch from softmax to sigmoid,B,Diagnosing loss curves,2,1
3,"In stochastic gradient descent, what does stochastic most directly refer to?",A. Randomly selected or shuffled mini-batches used for updates | B. Random test labels used to estimate accuracy | C. A randomly changing learning rate at every layer | D. Randomly chosen activation functions,A,Stochastic gradient descent,0,0
4,Which intervention is most specifically designed to stop training once generalization stops improving?,A. Increasing the batch size forever | B. Replacing all ReLU units with linear units | C. Using the test set for training | D. Early stopping,D,Overfitting countermeasures,2,1
5,What is the primary purpose of an activation function in a neural network?,A. To split the dataset into batches | B. To count the number of trainable parameters | C. To introduce non-linearity into layer outputs | D. To downsample feature maps by taking maxima,C,Activation functions,3,2
6,Which layer type is most directly responsible for extracting local spatial patterns in images?,A. Output softmax layer | B. Dense layer | C. Dropout layer | D. Convolutional layer,D,CNN components,1,1
7,Which layer type most directly reduces spatial dimensions by summarizing nearby activations?,A. Fully connected layer | B. Sigmoid output layer | C. Loss layer | D. Pooling layer,D,CNN components,1,1
8,"A 3 by 3 convolutional filter is applied to an RGB input and the layer has 32 filters. Including bias, how many trainable parameters does the layer have?",A. 150528 | B. 896 | C. 288 | D. 3200,B,CNN parameter counts,0,0
9,Which statement best describes parameter sharing in a CNN?,A. All layers use identical weights | B. The same filter weights are applied across many spatial locations | C. The optimizer shares one gradient across all models | D. Training and validation sets share examples,B,Convolution,2,2
10,What is the practical effect of valid padding in a convolutional layer?,A. It usually shrinks spatial dimensions because no border is added | B. It forces output probabilities to sum to 1 | C. It adds a border so output size stays fixed | D. It makes all filters non-trainable,A,Padding and strides,0,0
11,What is the purpose of same padding?,A. To prevent the model from using color channels | B. To make every filter have the same weights | C. To keep output spatial dimensions the same as the input when stride allows | D. To replace convolution with pooling,C,Padding and strides,1,1
12,What happens when a convolution uses a stride greater than 1?,A. It downsamples the spatial output | B. It removes the need for an activation function | C. It freezes the convolutional base | D. It increases the number of color channels in the input,A,Padding and strides,0,0
13,Which statement best distinguishes dense layers from convolutional layers?,A. Dense layers perform data augmentation; convolutional layers perform early stopping | B. Dense layers learn global combinations; convolutional layers learn local patterns with shared filters | C. Dense layers have no parameters; convolutional layers always have more parameters | D. Dense layers only work on images; convolutional layers only work on tables,B,CNN components,2,1
14,Which output activation and loss match binary classification?,A. No activation with binary cross-entropy | B. ReLU with categorical cross-entropy | C. Sigmoid with binary cross-entropy | D. Softmax with mean squared error,C,Output layer and loss,0,0
15,Which output activation and loss match single-label classification among 10 digit classes?,A. Softmax with categorical cross-entropy | B. Sigmoid with binary cross-entropy | C. No activation with mean squared error | D. Tanh with dropout loss,A,Output layer and loss,0,0
16,Why is softmax preferable to argmax during multiclass training?,A. Softmax reduces the number of hidden units to zero | B. Softmax permanently removes incorrect classes from the dataset | C. Softmax gives differentiable probabilities and partial credit across classes | D. Softmax is a pooling operation,C,Softmax,1,1
17,Why do we usually scale MNIST pixel values from 0-255 to 0-1?,A. It prevents the model from overfitting by deleting pixels | B. Smaller input values can make optimization easier and more stable | C. It creates new labels for each digit | D. It changes a grayscale image into an RGB image,B,Preprocessing,1,1
18,"In a forward pass, what is computed?",A. New training labels from gradients | B. The next architecture to try | C. Predictions from inputs using the current parameters | D. Test-set leakage from validation examples,C,Forward and backward pass,0,0
19,"In backpropagation, what is computed?",A. Image augmentations for the test set | B. The final exam score | C. Gradients of the loss with respect to parameters | D. Random labels for mini-batches,C,Backpropagation,2,2
20,Why do neural networks use the probability p rather than a rounded 0/1 prediction when computing training loss?,A. Loss functions cannot compare probabilities to labels | B. The optimizer only works after labels are removed | C. Rounded predictions are always more accurate | D. The probability contains graded information needed for gradient-based learning,D,Loss functions,1,1
21,What is a local minimum?,A. A point with low loss nearby that may not be the globally lowest loss | B. A data augmentation applied to one image | C. A validation example with incorrect label | D. The first batch in SGD,A,Gradient descent,1,1
22,What does the learning rate control?,A. The number of validation examples | B. The number of color channels | C. The size of the parameter update step | D. The number of output classes,C,Gradient descent,1,1
23,A model performs poorly on both training and validation data. Which diagnosis is most likely?,A. Too much validation data | B. Underfitting or insufficient model capacity | C. Clear overfitting | D. Test leakage,B,Diagnosing loss curves,0,0
24,A model gets near-perfect training accuracy but poor validation accuracy. Which response is most appropriate?,A. Use image rotation augmentation for a tabular dataset | B. Train longer with no validation checks | C. Remove the loss function | D. Add regularization or reduce model capacity,D,Overfitting countermeasures,1,1
25,Which statement best describes L2 regularization?,A. It randomly drops examples from the validation set | B. It penalizes large weights and shrinks them toward zero | C. It replaces the optimizer with softmax | D. It converts images into RGB channels,B,Regularization,0,0
26,Which statement best describes dropout?,"A. It averages pixel values in local patches | B. During training, it randomly sets some hidden activations to zero | C. It deletes mislabeled rows from the dataset | D. It permanently removes output classes",B,Dropout,1,1
27,Why can reducing network size help with overfitting?,"A. It removes all non-linearity | B. It makes validation data part of training | C. It increases the number of trainable parameters | D. It reduces model capacity, making memorization harder",D,Overfitting countermeasures,1,1
28,Which data augmentation choice is most clearly image-specific and not naturally applicable to tabular clinical variables?,A. Reducing hidden units | B. Early stopping | C. Random rotations and brightness changes | D. L2 weight decay,C,Data augmentation,1,1
29,Which dataset split should receive random image augmentation during training?,A. Validation set only | B. All splits equally | C. Test set only | D. Training set only,D,Data augmentation,2,1
30,Why might data augmentation not completely eliminate overfitting?,"A. Augmented samples are correlated variants of existing examples, not fully new information | B. It removes the optimizer from the model | C. It converts CNNs into linear regression | D. It prevents gradients from being computed",A,Data augmentation,1,1
31,What does a pretrained network provide in transfer learning?,A. A way to avoid choosing a loss function | B. A replacement for all validation data | C. Previously learned representations from a large related dataset | D. Guaranteed perfect labels for the new dataset,C,Transfer learning,0,0
32,"In CNN feature extraction, which part of a pretrained model is usually reused?",A. The convolutional base | B. The original training labels | C. The old validation set | D. The original final classifier for ImageNet classes,A,Transfer learning,2,1
33,Why is the original dense classifier of a pretrained image model usually removed for a new task?,A. It is the only part that learns generic edges | B. It is specific to the original classes and less reusable | C. It performs padding instead of prediction | D. It contains no parameters,B,Transfer learning,2,2
34,Which layers of a CNN tend to learn the most generic visual features?,A. Validation layers | B. Layers after the output | C. Final classifier layers only | D. Early layers,D,Transfer learning,0,0
35,What does freezing a pretrained convolutional base mean?,A. Its activations are set to zero randomly | B. It is deleted from the model | C. Its weights are not updated during training | D. It is trained on the test set first,C,Transfer learning,2,2
36,Which sequence best describes fine-tuning a pretrained CNN?,"A. Remove the convolutional base and train the old classifier | B. Unfreeze all layers immediately before adding a classifier | C. Train added classifier with base frozen, then unfreeze a few top base layers and jointly train | D. Train only the test set, then freeze the labels",C,Fine-tuning,1,1
37,Why should fine-tuning usually unfreeze only top layers of the convolutional base?,"A. Bottom layers have no weights | B. Only top layers can perform max pooling | C. Top layers are always smaller than output labels | D. Top layers are more task-specific, while unfreezing many layers raises overfitting risk",D,Fine-tuning,1,1
38,What is visualized by intermediate activation maps in a CNN?,A. The random mini-batch order used by SGD | B. The one-hot labels before training | C. Feature maps produced by layers for a given input | D. The final exam answer key,C,CNN visualization,0,0
39,What is the goal of visualizing a filter by gradient ascent in input space?,A. To create validation labels | B. To find an input pattern that strongly activates that filter | C. To reduce the number of output classes | D. To choose the batch size automatically,B,CNN visualization,1,1
40,What does a class activation heatmap show?,A. Which optimizer has the lowest learning rate | B. Which samples were used in each mini-batch | C. Which labels were one-hot encoded | D. Which image regions were important for a specific class prediction,D,CNN visualization,3,2
41,"As CNN layers get deeper, what generally happens to learned visual patterns?",A. They become validation losses | B. They stop using non-linearity | C. They become more abstract and less directly interpretable | D. They become raw pixels only,C,CNN visualization,2,1
42,What is the central idea of a generative image model?,"A. Remove all randomness from training | B. Sample from a latent space and decode or generate new images | C. Replace the loss curve with accuracy only | D. Always classify images into exactly 1,000 ImageNet labels",B,Generative modeling,2,1
43,Which pair correctly describes the two parts of a GAN?,A. Encoder predicts labels; decoder performs pooling | B. Optimizer creates labels; loss function augments images | C. Generator creates synthetic images; discriminator predicts real versus fake | D. Softmax generates images; ReLU classifies them,C,GANs,1,1
44,Why is GAN training considered dynamically difficult?,A. The discriminator is frozen forever | B. GANs cannot use gradients | C. GANs have no trainable parameters | D. The generator and discriminator change the optimization landscape for each other,D,GANs,1,1
45,"When training the GAN generator, what direction are its weights pushed?",A. Toward images the discriminator is more likely to call real | B. Toward smaller input dimensions only | C. Toward zero validation examples | D. Toward images that are easier to classify as fake,A,GANs,1,1
46,Which GAN training trick was mentioned as useful for avoiding sparse gradients?,A. Remove all randomness from labels | B. Use argmax instead of softmax in the discriminator | C. Use LeakyReLU instead of standard ReLU | D. Use max pooling in every generator layer,C,GANs,1,1
47,What is an autoencoder primarily trained to do?,A. Distinguish real images from generated ones | B. Encode inputs into a compact representation and reconstruct them | C. Choose the learning rate for SGD | D. Compute class activation heatmaps,B,Autoencoders,1,1
48,What is a limitation of a plain autoencoder for generation?,"A. It requires ImageNet labels | B. It always has a discriminator | C. It cannot reconstruct inputs at all | D. Its latent space may be irregular, so nearby points may not decode meaningfully",D,Autoencoders,0,0
49,How does a VAE encode an input differently from a plain autoencoder?,"A. It encodes only the final class label | B. It encodes the input as a fixed one-hot output class | C. It encodes parameters of a distribution, such as mean and variance | D. It encodes no latent representation",C,VAEs,0,0
50,What does a regular latent space mean in the VAE context?,"A. Every point decodes to the same image | B. The latent space contains only labels | C. Latent vectors are sorted alphabetically | D. Nearby latent points decode to meaningful, smoothly related outputs",D,VAEs,3,2
51,Which two losses are combined when training a VAE?,A. Pooling loss and padding loss | B. Reconstruction loss and latent regularization loss | C. Accuracy loss and test leakage loss | D. Discriminator loss and ImageNet loss only,B,VAEs,3,2
52,Why does a VAE sample using noise around the encoded mean and variance?,A. To prevent the decoder from receiving any information | B. To replace the optimizer | C. To make the model deterministic | D. To make nearby latent points decode to similar but not identical outputs,D,VAEs,1,1
53,Which statement best compares GAN and VAE latent spaces from lecture?,A. Neither uses a latent space | B. VAEs are designed with more explicit regularity; GAN latent spaces have fewer guarantees | C. Both require labels for every latent point | D. GANs always have perfectly regular latent spaces; VAEs never generate images,B,GANs vs VAEs,0,0
54,A student says max pooling learns a separate set of weights for each image patch. What is the best correction?,"A. Max pooling is the same as a dense layer | B. Max pooling is a hardcoded summary operation, usually taking the maximum in a patch | C. Max pooling computes the loss | D. Max pooling is the output activation for multiclass classification",B,CNN components,1,1
55,A student says convolutional layers make CNNs invariant to rotation automatically. What is the best correction?,"A. Convolution is identical to dropout | B. Convolution only works for tabular data | C. Convolution helps with translation equivariance, but not automatically rotation invariance | D. Convolution removes all spatial information",C,Convolution,2,2
56,Which statement best describes a hidden dense layer in an MLP?,A. A layer that only computes validation loss | B. A fully connected layer that combines inputs using learned weights and activations | C. A layer that slides a 3 by 3 filter over an image | D. A layer that stores the test labels,B,MLPs,0,0
57,Why does increasing the number of hidden layers or units raise overfitting risk?,A. It increases model flexibility and capacity | B. It forces validation loss to equal training loss | C. It prevents the model from fitting training data | D. It removes trainable parameters,A,MLPs,1,1
58,Which statement is the best role-swap correction?,A. The validation set trains the model; the training set evaluates it | B. The optimizer measures prediction error; the loss chooses the training batches | C. The loss measures prediction error; the optimizer uses gradients of that loss to update weights | D. The activation function updates weights; the optimizer adds non-linearity,C,Network components,0,0
59,A binary classifier has one output unit. Which activation makes the output interpretable as a probability?,A. Sigmoid | B. Max pooling | C. Linear activation only | D. Softmax over ten classes,A,Output layer and loss,0,0
60,Which choice best describes categorical cross-entropy in multiclass single-label classification?,A. It randomly deletes hidden units | B. It pads images with zeros | C. It penalizes the model when probability mass is placed on incorrect classes | D. It computes the number of CNN filters,C,Loss functions,1,1
61,Which intervention belongs to architectural simplification rather than stochastic regularization?,A. Dropout | B. Shuffling mini-batches | C. Reducing the number of hidden units | D. Random image rotation,C,Overfitting countermeasures,2,1
62,Which intervention belongs to stochastic regularization?,A. Same padding | B. One-hot encoding | C. Dropout | D. Softmax,C,Dropout,1,1
63,"A 100-input dense layer connects to 20 output units. Including biases, how many parameters does it have?",A. 2000 | B. 2020 | C. 100 | D. 120,B,Parameter counts,1,1
64,"For an RGB image tensor, what does the channel depth equal?",A. 3 | B. 1 | C. 10 | D. 2,A,CNN tensors,0,0
65,"For a grayscale image tensor, what does the channel depth usually equal?",A. 10 | B. 3 | C. 1 | D. 512,C,CNN tensors,0,0
66,Which statement best explains why dense layers near the end of CNNs can dominate parameter counts?,A. Dense layers have no weights | B. Flattened feature maps can produce very large input vectors to dense layers | C. Dense layers share one small filter across the image | D. Dense layers never use bias terms,B,CNN parameter counts,3,2
67,A project has only a small image dataset. Which approach directly uses knowledge from a large image dataset?,A. Replacing images with random labels | B. Transfer learning with a pretrained CNN | C. Using argmax as the loss function | D. Removing validation loss,B,Transfer learning,1,1
68,Why might feature extraction without augmented data be computationally cheap?,A. It augments every image infinitely | B. It computes no features | C. It trains all pretrained layers from scratch every epoch | D. The convolutional base is run once and saved features are reused,D,Transfer learning,1,1
69,Which approach allows on-the-fly data augmentation with a pretrained convolutional base?,A. Only evaluate on the test set | B. Save features once before augmentation and never use the base again | C. Use the original ImageNet classifier unchanged | D. Add the frozen convolutional base inside the model and train on augmented inputs,D,Transfer learning,0,0
70,Which statement best captures why early CNN layers are reusable?,"A. They store class names from the new task | B. They calculate final accuracy only | C. They contain no learned parameters | D. They detect generic visual patterns such as edges, colors, and textures",D,Transfer learning,1,1
71,A heatmap shows a lesion classifier focusing on image corners rather than the lesion. What is the main use of this visualization?,A. Proving the optimizer is Adam | B. Debugging whether the model used relevant regions for its decision | C. Counting the number of dense-layer parameters | D. Creating one-hot labels,B,CNN visualization,2,1
72,Which statement best describes concept vectors in a latent space?,A. They are the same thing as validation losses | B. They are labels for mini-batch order | C. Directions in latent space can encode meaningful changes such as smile or sunglasses | D. They are filters used only for max pooling,C,Latent spaces,0,0
73,What is the decoder in a VAE used for?,A. Computing the stride of a convolution | B. Choosing the optimizer | C. Predicting whether an image is real or fake | D. Mapping a sampled latent point back to input space,D,VAEs,1,1
74,What makes a VAE a regularized version of an autoencoder?,A. It adds a latent distribution constraint in addition to reconstruction | B. It replaces the decoder with a discriminator only | C. It removes the bottleneck | D. It trains without any loss function,A,VAEs,1,0
75,Which option best describes the optimizer?,A. turns a convolutional feature map into an image | B. updates trainable parameters using gradients so the loss tends to decrease | C. chooses the number of classes in the dataset | D. stores the validation examples for later testing,B,Optimizer,0,0
76,A classmate asks about the optimizer. Which answer is most accurate?,A. updates trainable parameters using gradients so the loss tends to decrease | B. chooses the number of classes in the dataset | C. stores the validation examples for later testing | D. turns a convolutional feature map into an image,A,Optimizer,0,0
77,"In the lecture framework, what is the main role of the optimizer?",A. stores the validation examples for later testing | B. turns a convolutional feature map into an image | C. chooses the number of classes in the dataset | D. updates trainable parameters using gradients so the loss tends to decrease,D,Optimizer,0,0
78,Which statement avoids confusing the optimizer with another neural-network component?,A. chooses the number of classes in the dataset | B. stores the validation examples for later testing | C. updates trainable parameters using gradients so the loss tends to decrease | D. turns a convolutional feature map into an image,C,Optimizer,0,0
79,Which option best describes an optimizer step?,A. moves weights in a direction determined by the gradient and learning rate | B. decides whether the task is binary or multiclass | C. adds random image augmentations to the test set | D. computes the final class activation heatmap,A,Optimizer,0,0
80,A classmate asks about an optimizer step. Which answer is most accurate?,A. computes the final class activation heatmap | B. decides whether the task is binary or multiclass | C. adds random image augmentations to the test set | D. moves weights in a direction determined by the gradient and learning rate,D,Optimizer,0,0
81,"In the lecture framework, what is the main role of an optimizer step?",A. adds random image augmentations to the test set | B. decides whether the task is binary or multiclass | C. computes the final class activation heatmap | D. moves weights in a direction determined by the gradient and learning rate,D,Optimizer,0,0
82,Which statement avoids confusing an optimizer step with another neural-network component?,A. decides whether the task is binary or multiclass | B. computes the final class activation heatmap | C. adds random image augmentations to the test set | D. moves weights in a direction determined by the gradient and learning rate,D,Optimizer,0,0
83,Which option best describes the loss function?,A. freezes pretrained layers automatically | B. selects mini-batches at random | C. slides filters across an image | D. summarizes prediction error as a quantity the optimizer can reduce,D,Network components,0,0
84,A classmate asks about the loss function. Which answer is most accurate?,A. slides filters across an image | B. selects mini-batches at random | C. freezes pretrained layers automatically | D. summarizes prediction error as a quantity the optimizer can reduce,D,Network components,0,0
85,"In the lecture framework, what is the main role of the loss function?",A. summarizes prediction error as a quantity the optimizer can reduce | B. freezes pretrained layers automatically | C. selects mini-batches at random | D. slides filters across an image,A,Network components,0,0
86,Which statement avoids confusing the loss function with another neural-network component?,A. selects mini-batches at random | B. freezes pretrained layers automatically | C. slides filters across an image | D. summarizes prediction error as a quantity the optimizer can reduce,D,Network components,0,0
87,Which option best describes the network structure?,A. specifies how inputs are transformed into predictions through layers | B. splits data into train and validation sets | C. measures the distance between prediction and truth | D. updates parameters after gradients are computed,A,Network components,1,0
88,A classmate asks about the network structure. Which answer is most accurate?,A. measures the distance between prediction and truth | B. splits data into train and validation sets | C. updates parameters after gradients are computed | D. specifies how inputs are transformed into predictions through layers,D,Network components,0,0
89,"In the lecture framework, what is the main role of the network structure?",A. measures the distance between prediction and truth | B. splits data into train and validation sets | C. specifies how inputs are transformed into predictions through layers | D. updates parameters after gradients are computed,C,Network components,0,0
90,Which statement avoids confusing the network structure with another neural-network component?,A. updates parameters after gradients are computed | B. specifies how inputs are transformed into predictions through layers | C. measures the distance between prediction and truth | D. splits data into train and validation sets,B,Network components,0,0
91,Which option best describes overfitting on a loss curve?,A. both training and validation losses stay high from the beginning | B. validation loss is never computed | C. training loss continues falling while validation loss worsens or stops improving | D. training loss increases while validation loss falls sharply,C,Diagnosing loss curves,0,0
92,A classmate asks about overfitting on a loss curve. Which answer is most accurate?,A. training loss increases while validation loss falls sharply | B. training loss continues falling while validation loss worsens or stops improving | C. validation loss is never computed | D. both training and validation losses stay high from the beginning,B,Diagnosing loss curves,0,0
93,"In the lecture framework, what is the main role of overfitting on a loss curve?",A. training loss continues falling while validation loss worsens or stops improving | B. validation loss is never computed | C. both training and validation losses stay high from the beginning | D. training loss increases while validation loss falls sharply,A,Diagnosing loss curves,0,0
94,Which statement avoids confusing overfitting on a loss curve with another neural-network component?,A. validation loss is never computed | B. training loss increases while validation loss falls sharply | C. training loss continues falling while validation loss worsens or stops improving | D. both training and validation losses stay high from the beginning,C,Diagnosing loss curves,0,0
95,Which option best describes underfitting on a loss curve?,A. validation loss rises only after many excellent epochs | B. the model has too many correctly classified validation examples | C. training and validation performance are both poor because the model has not captured enough signal | D. training performance is excellent while validation performance is poor,C,Diagnosing loss curves,0,0
96,A classmate asks about underfitting on a loss curve. Which answer is most accurate?,A. validation loss rises only after many excellent epochs | B. training performance is excellent while validation performance is poor | C. the model has too many correctly classified validation examples | D. training and validation performance are both poor because the model has not captured enough signal,D,Diagnosing loss curves,0,0
97,"In the lecture framework, what is the main role of underfitting on a loss curve?",A. training and validation performance are both poor because the model has not captured enough signal | B. training performance is excellent while validation performance is poor | C. the model has too many correctly classified validation examples | D. validation loss rises only after many excellent epochs,A,Diagnosing loss curves,0,0
98,Which statement avoids confusing underfitting on a loss curve with another neural-network component?,A. validation loss rises only after many excellent epochs | B. training performance is excellent while validation performance is poor | C. training and validation performance are both poor because the model has not captured enough signal | D. the model has too many correctly classified validation examples,C,Diagnosing loss curves,0,0
99,Which option best describes the stochastic part of SGD?,A. the model randomly changes its architecture after each batch | B. the labels are intentionally randomized during training | C. the learning rate must be chosen randomly at every epoch | D. updates are based on randomly ordered or sampled mini-batches,D,Stochastic gradient descent,0,0
100,A classmate asks about the stochastic part of SGD. Which answer is most accurate?,A. updates are based on randomly ordered or sampled mini-batches | B. the learning rate must be chosen randomly at every epoch | C. the model randomly changes its architecture after each batch | D. the labels are intentionally randomized during training,A,Stochastic gradient descent,0,0
101,"In the lecture framework, what is the main role of the stochastic part of SGD?",A. the learning rate must be chosen randomly at every epoch | B. the model randomly changes its architecture after each batch | C. the labels are intentionally randomized during training | D. updates are based on randomly ordered or sampled mini-batches,D,Stochastic gradient descent,0,0
102,Which statement avoids confusing the stochastic part of SGD with another neural-network component?,A. updates are based on randomly ordered or sampled mini-batches | B. the model randomly changes its architecture after each batch | C. the labels are intentionally randomized during training | D. the learning rate must be chosen randomly at every epoch,A,Stochastic gradient descent,0,0
103,Which option best describes a mini-batch?,A. a subset of training examples used to compute one update | B. the number of filters in a convolutional layer | C. a fixed list of output classes | D. the full held-out test set used for final reporting,A,Stochastic gradient descent,0,0
104,A classmate asks about a mini-batch. Which answer is most accurate?,A. the number of filters in a convolutional layer | B. a fixed list of output classes | C. the full held-out test set used for final reporting | D. a subset of training examples used to compute one update,D,Stochastic gradient descent,0,0
105,"In the lecture framework, what is the main role of a mini-batch?",A. a fixed list of output classes | B. the number of filters in a convolutional layer | C. a subset of training examples used to compute one update | D. the full held-out test set used for final reporting,C,Stochastic gradient descent,0,0
106,Which statement avoids confusing a mini-batch with another neural-network component?,A. the number of filters in a convolutional layer | B. the full held-out test set used for final reporting | C. a subset of training examples used to compute one update | D. a fixed list of output classes,C,Stochastic gradient descent,0,0
107,Which option best describes the negative gradient?,A. the local downhill direction for reducing the loss | B. the direction that increases the loss fastest | C. the validation examples with wrong labels | D. the vector of predicted class labels after argmax,A,Gradient descent,0,0
108,A classmate asks about the negative gradient. Which answer is most accurate?,A. the direction that increases the loss fastest | B. the local downhill direction for reducing the loss | C. the vector of predicted class labels after argmax | D. the validation examples with wrong labels,B,Gradient descent,0,0
109,"In the lecture framework, what is the main role of the negative gradient?",A. the validation examples with wrong labels | B. the local downhill direction for reducing the loss | C. the vector of predicted class labels after argmax | D. the direction that increases the loss fastest,B,Gradient descent,0,0
110,Which statement avoids confusing the negative gradient with another neural-network component?,A. the validation examples with wrong labels | B. the local downhill direction for reducing the loss | C. the direction that increases the loss fastest | D. the vector of predicted class labels after argmax,B,Gradient descent,0,0
111,Which option best describes the learning rate?,A. controls how many labels are in a one-hot vector | B. chooses the convolutional filter size automatically | C. sets the number of image channels | D. controls how large each parameter update is,D,Gradient descent,0,0
112,A classmate asks about the learning rate. Which answer is most accurate?,A. controls how many labels are in a one-hot vector | B. controls how large each parameter update is | C. sets the number of image channels | D. chooses the convolutional filter size automatically,B,Gradient descent,0,0
113,"In the lecture framework, what is the main role of the learning rate?",A. controls how large each parameter update is | B. chooses the convolutional filter size automatically | C. sets the number of image channels | D. controls how many labels are in a one-hot vector,A,Gradient descent,0,0
114,Which statement avoids confusing the learning rate with another neural-network component?,A. sets the number of image channels | B. chooses the convolutional filter size automatically | C. controls how many labels are in a one-hot vector | D. controls how large each parameter update is,D,Gradient descent,0,0
115,Which option best describes non-linear activation functions?,A. store the training labels in a tensor | B. choose the optimizer based on accuracy | C. allow stacked layers to represent non-linear relationships | D. downsample feature maps by taking maxima,C,Activation functions,0,0
116,A classmate asks about non-linear activation functions. Which answer is most accurate?,A. store the training labels in a tensor | B. choose the optimizer based on accuracy | C. downsample feature maps by taking maxima | D. allow stacked layers to represent non-linear relationships,D,Activation functions,0,0
117,"In the lecture framework, what is the main role of non-linear activation functions?",A. allow stacked layers to represent non-linear relationships | B. store the training labels in a tensor | C. downsample feature maps by taking maxima | D. choose the optimizer based on accuracy,A,Activation functions,0,0
118,Which statement avoids confusing non-linear activation functions with another neural-network component?,A. allow stacked layers to represent non-linear relationships | B. downsample feature maps by taking maxima | C. choose the optimizer based on accuracy | D. store the training labels in a tensor,A,Activation functions,0,0
119,Which option best describes ReLU in a hidden layer?,A. computes binary cross-entropy directly | B. passes positive values while introducing a non-linear transformation | C. normalizes class scores so they sum to one | D. adds padding around the image border,B,Activation functions,0,0
120,A classmate asks about ReLU in a hidden layer. Which answer is most accurate?,A. computes binary cross-entropy directly | B. normalizes class scores so they sum to one | C. adds padding around the image border | D. passes positive values while introducing a non-linear transformation,D,Activation functions,0,0
121,"In the lecture framework, what is the main role of ReLU in a hidden layer?",A. computes binary cross-entropy directly | B. normalizes class scores so they sum to one | C. passes positive values while introducing a non-linear transformation | D. adds padding around the image border,C,Activation functions,0,0
122,Which statement avoids confusing ReLU in a hidden layer with another neural-network component?,A. normalizes class scores so they sum to one | B. passes positive values while introducing a non-linear transformation | C. computes binary cross-entropy directly | D. adds padding around the image border,B,Activation functions,0,0
123,Which option best describes a sigmoid output for binary classification?,"A. produces one probability for each of 1,000 ImageNet classes only | B. produces a single probability between 0 and 1 | C. randomly drops hidden units during training | D. extracts local image patches",B,Output layer and loss,0,0
124,A classmate asks about a sigmoid output for binary classification. Which answer is most accurate?,"A. produces one probability for each of 1,000 ImageNet classes only | B. extracts local image patches | C. randomly drops hidden units during training | D. produces a single probability between 0 and 1",D,Output layer and loss,0,0
125,"In the lecture framework, what is the main role of a sigmoid output for binary classification?","A. extracts local image patches | B. produces one probability for each of 1,000 ImageNet classes only | C. randomly drops hidden units during training | D. produces a single probability between 0 and 1",D,Output layer and loss,0,0
126,Which statement avoids confusing a sigmoid output for binary classification with another neural-network component?,"A. produces one probability for each of 1,000 ImageNet classes only | B. produces a single probability between 0 and 1 | C. randomly drops hidden units during training | D. extracts local image patches",B,Output layer and loss,0,0
127,Which option best describes softmax for multiclass single-label prediction?,A. sets half of activations to zero | B. shrinks weights toward zero | C. runs a pretrained CNN only once | D. turns class scores into a probability distribution over mutually exclusive classes,D,Output layer and loss,0,0
128,A classmate asks about softmax for multiclass single-label prediction. Which answer is most accurate?,A. turns class scores into a probability distribution over mutually exclusive classes | B. sets half of activations to zero | C. shrinks weights toward zero | D. runs a pretrained CNN only once,A,Output layer and loss,0,0
129,"In the lecture framework, what is the main role of softmax for multiclass single-label prediction?",A. turns class scores into a probability distribution over mutually exclusive classes | B. sets half of activations to zero | C. runs a pretrained CNN only once | D. shrinks weights toward zero,A,Output layer and loss,0,0
130,Which statement avoids confusing softmax for multiclass single-label prediction with another neural-network component?,A. turns class scores into a probability distribution over mutually exclusive classes | B. shrinks weights toward zero | C. sets half of activations to zero | D. runs a pretrained CNN only once,A,Output layer and loss,0,0
131,Which option best describes binary cross-entropy?,A. creates augmented images with rotations | B. penalizes confident wrong probability estimates in binary classification | C. counts convolutional parameters | D. chooses which CNN layers to unfreeze,B,Loss functions,0,0
132,A classmate asks about binary cross-entropy. Which answer is most accurate?,A. penalizes confident wrong probability estimates in binary classification | B. creates augmented images with rotations | C. counts convolutional parameters | D. chooses which CNN layers to unfreeze,A,Loss functions,0,0
133,"In the lecture framework, what is the main role of binary cross-entropy?",A. penalizes confident wrong probability estimates in binary classification | B. creates augmented images with rotations | C. chooses which CNN layers to unfreeze | D. counts convolutional parameters,A,Loss functions,0,0
134,Which statement avoids confusing binary cross-entropy with another neural-network component?,A. creates augmented images with rotations | B. penalizes confident wrong probability estimates in binary classification | C. chooses which CNN layers to unfreeze | D. counts convolutional parameters,B,Loss functions,0,0
135,Which option best describes categorical cross-entropy?,A. is a pooling operation used after convolution | B. fits only arbitrary continuous regression without an output activation | C. fits single-label multiclass problems where the target is one class among several | D. is the same as freezing a pretrained base,C,Loss functions,0,0
136,A classmate asks about categorical cross-entropy. Which answer is most accurate?,A. is the same as freezing a pretrained base | B. fits single-label multiclass problems where the target is one class among several | C. fits only arbitrary continuous regression without an output activation | D. is a pooling operation used after convolution,B,Loss functions,0,0
137,"In the lecture framework, what is the main role of categorical cross-entropy?",A. fits only arbitrary continuous regression without an output activation | B. is the same as freezing a pretrained base | C. is a pooling operation used after convolution | D. fits single-label multiclass problems where the target is one class among several,D,Loss functions,0,0
138,Which statement avoids confusing categorical cross-entropy with another neural-network component?,A. fits single-label multiclass problems where the target is one class among several | B. is a pooling operation used after convolution | C. is the same as freezing a pretrained base | D. fits only arbitrary continuous regression without an output activation,A,Loss functions,0,0
139,Which option best describes softmax during training?,A. converts RGB images into grayscale images | B. selects a hard class before the loss so gradients disappear | C. keeps class scores differentiable and distributes probability mass across classes | D. guarantees no model will overfit,C,Softmax,0,0
140,A classmate asks about softmax during training. Which answer is most accurate?,A. keeps class scores differentiable and distributes probability mass across classes | B. guarantees no model will overfit | C. converts RGB images into grayscale images | D. selects a hard class before the loss so gradients disappear,A,Softmax,0,0
141,"In the lecture framework, what is the main role of softmax during training?",A. converts RGB images into grayscale images | B. selects a hard class before the loss so gradients disappear | C. guarantees no model will overfit | D. keeps class scores differentiable and distributes probability mass across classes,D,Softmax,0,0
142,Which statement avoids confusing softmax during training with another neural-network component?,A. selects a hard class before the loss so gradients disappear | B. converts RGB images into grayscale images | C. keeps class scores differentiable and distributes probability mass across classes | D. guarantees no model will overfit,C,Softmax,0,0
143,Which option best describes scaling pixel values?,A. puts inputs on a smaller numeric scale that can make optimization easier | B. changes a binary task into multiclass classification | C. adds extra labeled examples from the validation set | D. updates the pretrained convolutional weights,A,Preprocessing,1,0
144,A classmate asks about scaling pixel values. Which answer is most accurate?,A. puts inputs on a smaller numeric scale that can make optimization easier | B. updates the pretrained convolutional weights | C. changes a binary task into multiclass classification | D. adds extra labeled examples from the validation set,A,Preprocessing,0,0
145,"In the lecture framework, what is the main role of scaling pixel values?",A. puts inputs on a smaller numeric scale that can make optimization easier | B. changes a binary task into multiclass classification | C. updates the pretrained convolutional weights | D. adds extra labeled examples from the validation set,A,Preprocessing,0,0
146,Which statement avoids confusing scaling pixel values with another neural-network component?,A. adds extra labeled examples from the validation set | B. puts inputs on a smaller numeric scale that can make optimization easier | C. updates the pretrained convolutional weights | D. changes a binary task into multiclass classification,B,Preprocessing,1,0
147,Which option best describes one-hot encoding labels?,A. removes all hidden layers from the model | B. shows which image region caused a prediction | C. represents a class label as a vector with one active class position | D. compresses an image into a latent Gaussian distribution,C,Preprocessing,0,0
148,A classmate asks about one-hot encoding labels. Which answer is most accurate?,A. removes all hidden layers from the model | B. represents a class label as a vector with one active class position | C. shows which image region caused a prediction | D. compresses an image into a latent Gaussian distribution,B,Preprocessing,0,0
149,"In the lecture framework, what is the main role of one-hot encoding labels?",A. compresses an image into a latent Gaussian distribution | B. removes all hidden layers from the model | C. represents a class label as a vector with one active class position | D. shows which image region caused a prediction,C,Preprocessing,0,0
150,Which statement avoids confusing one-hot encoding labels with another neural-network component?,A. removes all hidden layers from the model | B. shows which image region caused a prediction | C. represents a class label as a vector with one active class position | D. compresses an image into a latent Gaussian distribution,C,Preprocessing,0,0
151,Which option best describes the forward pass?,A. samples new labels from the latent space | B. chooses the validation split after training | C. computes model outputs from inputs using current weights | D. updates weights before any prediction is made,C,Forward and backward pass,0,0
152,A classmate asks about the forward pass. Which answer is most accurate?,A. updates weights before any prediction is made | B. computes model outputs from inputs using current weights | C. samples new labels from the latent space | D. chooses the validation split after training,B,Forward and backward pass,0,0
153,"In the lecture framework, what is the main role of the forward pass?",A. samples new labels from the latent space | B. updates weights before any prediction is made | C. chooses the validation split after training | D. computes model outputs from inputs using current weights,D,Forward and backward pass,0,0
154,Which statement avoids confusing the forward pass with another neural-network component?,A. chooses the validation split after training | B. computes model outputs from inputs using current weights | C. samples new labels from the latent space | D. updates weights before any prediction is made,B,Forward and backward pass,1,0
155,Which option best describes backpropagation?,A. stores pretrained features in a CSV file | B. uses the chain rule to compute gradients layer by layer backward from the loss | C. turns class scores into probabilities only at inference | D. uses max pooling to reduce image size,B,Backpropagation,0,0
156,A classmate asks about backpropagation. Which answer is most accurate?,A. uses max pooling to reduce image size | B. uses the chain rule to compute gradients layer by layer backward from the loss | C. turns class scores into probabilities only at inference | D. stores pretrained features in a CSV file,B,Backpropagation,0,0
157,"In the lecture framework, what is the main role of backpropagation?",A. stores pretrained features in a CSV file | B. uses the chain rule to compute gradients layer by layer backward from the loss | C. turns class scores into probabilities only at inference | D. uses max pooling to reduce image size,B,Backpropagation,0,0
158,Which statement avoids confusing backpropagation with another neural-network component?,A. uses max pooling to reduce image size | B. stores pretrained features in a CSV file | C. turns class scores into probabilities only at inference | D. uses the chain rule to compute gradients layer by layer backward from the loss,D,Backpropagation,0,0
159,Which option best describes a multilayer perceptron?,A. requires a 3D image tensor and no dense layers | B. uses only adversarial generator-discriminator training | C. is a padding strategy for convolution | D. uses fully connected hidden layers to learn nonlinear features from vector inputs,D,MLPs,0,0
160,A classmate asks about a multilayer perceptron. Which answer is most accurate?,A. is a padding strategy for convolution | B. uses fully connected hidden layers to learn nonlinear features from vector inputs | C. requires a 3D image tensor and no dense layers | D. uses only adversarial generator-discriminator training,B,MLPs,0,0
161,"In the lecture framework, what is the main role of a multilayer perceptron?",A. requires a 3D image tensor and no dense layers | B. uses only adversarial generator-discriminator training | C. is a padding strategy for convolution | D. uses fully connected hidden layers to learn nonlinear features from vector inputs,D,MLPs,0,0
162,Which statement avoids confusing a multilayer perceptron with another neural-network component?,A. uses only adversarial generator-discriminator training | B. is a padding strategy for convolution | C. requires a 3D image tensor and no dense layers | D. uses fully connected hidden layers to learn nonlinear features from vector inputs,D,MLPs,0,0
163,Which option best describes adding more hidden units to an MLP?,A. guarantees validation loss will always decrease | B. reduces the number of learned parameters to zero | C. turns binary labels into images | D. increases flexibility but can increase overfitting risk,D,MLPs,0,0
164,A classmate asks about adding more hidden units to an MLP. Which answer is most accurate?,A. reduces the number of learned parameters to zero | B. guarantees validation loss will always decrease | C. turns binary labels into images | D. increases flexibility but can increase overfitting risk,D,MLPs,0,0
165,"In the lecture framework, what is the main role of adding more hidden units to an MLP?",A. turns binary labels into images | B. reduces the number of learned parameters to zero | C. increases flexibility but can increase overfitting risk | D. guarantees validation loss will always decrease,C,MLPs,0,0
166,Which statement avoids confusing adding more hidden units to an MLP with another neural-network component?,A. guarantees validation loss will always decrease | B. reduces the number of learned parameters to zero | C. increases flexibility but can increase overfitting risk | D. turns binary labels into images,C,MLPs,0,0
167,Which option best describes L2 regularization?,A. unfreezes all pretrained layers immediately | B. adds a penalty that discourages large weights | C. creates random crops of validation images | D. replaces gradients with class labels,B,Regularization,0,0
168,A classmate asks about L2 regularization. Which answer is most accurate?,A. creates random crops of validation images | B. unfreezes all pretrained layers immediately | C. replaces gradients with class labels | D. adds a penalty that discourages large weights,D,Regularization,0,0
169,"In the lecture framework, what is the main role of L2 regularization?",A. adds a penalty that discourages large weights | B. unfreezes all pretrained layers immediately | C. creates random crops of validation images | D. replaces gradients with class labels,A,Regularization,0,0
170,Which statement avoids confusing L2 regularization with another neural-network component?,A. replaces gradients with class labels | B. adds a penalty that discourages large weights | C. creates random crops of validation images | D. unfreezes all pretrained layers immediately,B,Regularization,0,0
171,Which option best describes L1 regularization?,A. is a discriminator in a GAN | B. makes softmax probabilities sum to more than one | C. is the same as same padding | D. can shrink weights and may push some weights exactly to zero,D,Regularization,0,0
172,A classmate asks about L1 regularization. Which answer is most accurate?,A. is a discriminator in a GAN | B. is the same as same padding | C. makes softmax probabilities sum to more than one | D. can shrink weights and may push some weights exactly to zero,D,Regularization,0,0
173,"In the lecture framework, what is the main role of L1 regularization?",A. can shrink weights and may push some weights exactly to zero | B. makes softmax probabilities sum to more than one | C. is the same as same padding | D. is a discriminator in a GAN,A,Regularization,0,0
174,Which statement avoids confusing L1 regularization with another neural-network component?,A. can shrink weights and may push some weights exactly to zero | B. makes softmax probabilities sum to more than one | C. is the same as same padding | D. is a discriminator in a GAN,A,Regularization,1,0
175,Which option best describes dropout?,A. precomputes convolutional features once | B. randomly sets some activations to zero during training to reduce co-adaptation | C. randomly changes the true labels during testing | D. adds a border of pixels to preserve spatial size,B,Dropout,0,0
176,A classmate asks about dropout. Which answer is most accurate?,A. adds a border of pixels to preserve spatial size | B. randomly sets some activations to zero during training to reduce co-adaptation | C. precomputes convolutional features once | D. randomly changes the true labels during testing,B,Dropout,0,0
177,"In the lecture framework, what is the main role of dropout?",A. adds a border of pixels to preserve spatial size | B. randomly sets some activations to zero during training to reduce co-adaptation | C. precomputes convolutional features once | D. randomly changes the true labels during testing,B,Dropout,0,0
178,Which statement avoids confusing dropout with another neural-network component?,A. randomly changes the true labels during testing | B. randomly sets some activations to zero during training to reduce co-adaptation | C. precomputes convolutional features once | D. adds a border of pixels to preserve spatial size,B,Dropout,0,0
179,Which option best describes early stopping?,A. continues training until training loss is exactly zero | B. stops training near the validation-loss minimum before overfitting worsens | C. uses the test set for gradient updates | D. removes all random mini-batches from SGD,B,Overfitting countermeasures,0,0
180,A classmate asks about early stopping. Which answer is most accurate?,A. stops training near the validation-loss minimum before overfitting worsens | B. continues training until training loss is exactly zero | C. removes all random mini-batches from SGD | D. uses the test set for gradient updates,A,Overfitting countermeasures,0,0
181,"In the lecture framework, what is the main role of early stopping?",A. stops training near the validation-loss minimum before overfitting worsens | B. continues training until training loss is exactly zero | C. removes all random mini-batches from SGD | D. uses the test set for gradient updates,A,Overfitting countermeasures,0,0
182,Which statement avoids confusing early stopping with another neural-network component?,A. stops training near the validation-loss minimum before overfitting worsens | B. continues training until training loss is exactly zero | C. uses the test set for gradient updates | D. removes all random mini-batches from SGD,A,Overfitting countermeasures,0,0
183,Which option best describes reducing model size?,A. changes the target labels from binary to continuous | B. lowers capacity so the model is less able to memorize training-specific noise | C. creates synthetic data through a discriminator | D. increases the number of dense-layer parameters,B,Overfitting countermeasures,0,0
184,A classmate asks about reducing model size. Which answer is most accurate?,A. lowers capacity so the model is less able to memorize training-specific noise | B. increases the number of dense-layer parameters | C. creates synthetic data through a discriminator | D. changes the target labels from binary to continuous,A,Overfitting countermeasures,0,0
185,"In the lecture framework, what is the main role of reducing model size?",A. changes the target labels from binary to continuous | B. increases the number of dense-layer parameters | C. lowers capacity so the model is less able to memorize training-specific noise | D. creates synthetic data through a discriminator,C,Overfitting countermeasures,0,0
186,Which statement avoids confusing reducing model size with another neural-network component?,A. creates synthetic data through a discriminator | B. lowers capacity so the model is less able to memorize training-specific noise | C. increases the number of dense-layer parameters | D. changes the target labels from binary to continuous,B,Overfitting countermeasures,0,0
187,Which option best describes image data augmentation?,A. replaces the need for a validation set | B. should be applied to the test set so it is easier | C. applies label-preserving transformations to training images | D. is the same as one-hot encoding class labels,C,Data augmentation,0,0
188,A classmate asks about image data augmentation. Which answer is most accurate?,A. should be applied to the test set so it is easier | B. is the same as one-hot encoding class labels | C. applies label-preserving transformations to training images | D. replaces the need for a validation set,C,Data augmentation,0,0
189,"In the lecture framework, what is the main role of image data augmentation?",A. should be applied to the test set so it is easier | B. is the same as one-hot encoding class labels | C. replaces the need for a validation set | D. applies label-preserving transformations to training images,D,Data augmentation,0,0
190,Which statement avoids confusing image data augmentation with another neural-network component?,A. is the same as one-hot encoding class labels | B. replaces the need for a validation set | C. applies label-preserving transformations to training images | D. should be applied to the test set so it is easier,C,Data augmentation,0,0
191,Which option best describes using augmentation only on training data?,A. keeps validation and test sets as honest held-out evaluations | B. prevents the CNN from learning local features | C. makes validation examples part of the optimizer updates | D. forces the discriminator to call every image real,A,Data augmentation,0,0
192,A classmate asks about using augmentation only on training data. Which answer is most accurate?,A. keeps validation and test sets as honest held-out evaluations | B. prevents the CNN from learning local features | C. makes validation examples part of the optimizer updates | D. forces the discriminator to call every image real,A,Data augmentation,0,0
193,"In the lecture framework, what is the main role of using augmentation only on training data?",A. makes validation examples part of the optimizer updates | B. keeps validation and test sets as honest held-out evaluations | C. prevents the CNN from learning local features | D. forces the discriminator to call every image real,B,Data augmentation,0,0
194,Which statement avoids confusing using augmentation only on training data with another neural-network component?,A. forces the discriminator to call every image real | B. keeps validation and test sets as honest held-out evaluations | C. prevents the CNN from learning local features | D. makes validation examples part of the optimizer updates,B,Data augmentation,0,0
195,Which option best describes a convolutional layer?,A. calculates the validation split | B. selects the final class with no trainable parameters | C. randomly turns off dense units | D. learns filters that detect local patterns across spatial locations,D,CNN components,0,0
196,A classmate asks about a convolutional layer. Which answer is most accurate?,A. selects the final class with no trainable parameters | B. learns filters that detect local patterns across spatial locations | C. randomly turns off dense units | D. calculates the validation split,B,CNN components,0,0
197,"In the lecture framework, what is the main role of a convolutional layer?",A. learns filters that detect local patterns across spatial locations | B. calculates the validation split | C. randomly turns off dense units | D. selects the final class with no trainable parameters,A,CNN components,0,0
198,Which statement avoids confusing a convolutional layer with another neural-network component?,A. learns filters that detect local patterns across spatial locations | B. randomly turns off dense units | C. selects the final class with no trainable parameters | D. calculates the validation split,A,CNN components,0,0
199,Which option best describes a pooling layer?,A. computes the optimizer update | B. summarizes nearby activations and often reduces spatial size | C. learns a separate dense weight for every output class only | D. maps latent vectors to fake images in a GAN,B,CNN components,0,0
200,A classmate asks about a pooling layer. Which answer is most accurate?,A. maps latent vectors to fake images in a GAN | B. computes the optimizer update | C. summarizes nearby activations and often reduces spatial size | D. learns a separate dense weight for every output class only,C,CNN components,0,0
201,"In the lecture framework, what is the main role of a pooling layer?",A. computes the optimizer update | B. maps latent vectors to fake images in a GAN | C. learns a separate dense weight for every output class only | D. summarizes nearby activations and often reduces spatial size,D,CNN components,0,0
202,Which statement avoids confusing a pooling layer with another neural-network component?,A. summarizes nearby activations and often reduces spatial size | B. learns a separate dense weight for every output class only | C. computes the optimizer update | D. maps latent vectors to fake images in a GAN,A,CNN components,0,0
203,Which option best describes a dense layer after convolution?,A. measures whether generated images are real | B. combines extracted features to support final prediction | C. adds random Gaussian noise to VAE sampling | D. slides a small kernel across the raw image,B,CNN components,0,0
204,A classmate asks about a dense layer after convolution. Which answer is most accurate?,A. adds random Gaussian noise to VAE sampling | B. slides a small kernel across the raw image | C. measures whether generated images are real | D. combines extracted features to support final prediction,D,CNN components,0,0
205,"In the lecture framework, what is the main role of a dense layer after convolution?",A. slides a small kernel across the raw image | B. measures whether generated images are real | C. combines extracted features to support final prediction | D. adds random Gaussian noise to VAE sampling,C,CNN components,0,0
206,Which statement avoids confusing a dense layer after convolution with another neural-network component?,A. combines extracted features to support final prediction | B. measures whether generated images are real | C. adds random Gaussian noise to VAE sampling | D. slides a small kernel across the raw image,A,CNN components,1,0
207,Which option best describes parameter sharing in convolution?,A. uses different labels for each pixel location | B. shares training examples between train and test sets | C. makes all filters non-trainable | D. uses the same filter weights at many image locations,D,Convolution,0,0
208,A classmate asks about parameter sharing in convolution. Which answer is most accurate?,A. makes all filters non-trainable | B. uses different labels for each pixel location | C. uses the same filter weights at many image locations | D. shares training examples between train and test sets,C,Convolution,0,0
209,"In the lecture framework, what is the main role of parameter sharing in convolution?",A. uses different labels for each pixel location | B. shares training examples between train and test sets | C. uses the same filter weights at many image locations | D. makes all filters non-trainable,C,Convolution,0,0
210,Which statement avoids confusing parameter sharing in convolution with another neural-network component?,A. uses the same filter weights at many image locations | B. shares training examples between train and test sets | C. uses different labels for each pixel location | D. makes all filters non-trainable,A,Convolution,0,0
211,Which option best describes sparse connectivity in convolution?,A. requires the learning rate to be zero | B. removes all biases from dense layers | C. makes the latent space perfectly regular by itself | D. connects filters to local patches rather than every input pixel at once,D,Convolution,0,0
212,A classmate asks about sparse connectivity in convolution. Which answer is most accurate?,A. makes the latent space perfectly regular by itself | B. requires the learning rate to be zero | C. connects filters to local patches rather than every input pixel at once | D. removes all biases from dense layers,C,Convolution,0,0
213,"In the lecture framework, what is the main role of sparse connectivity in convolution?",A. connects filters to local patches rather than every input pixel at once | B. makes the latent space perfectly regular by itself | C. requires the learning rate to be zero | D. removes all biases from dense layers,A,Convolution,0,0
214,Which statement avoids confusing sparse connectivity in convolution with another neural-network component?,A. makes the latent space perfectly regular by itself | B. connects filters to local patches rather than every input pixel at once | C. removes all biases from dense layers | D. requires the learning rate to be zero,B,Convolution,0,0
215,Which option best describes translation equivariance?,A. class probabilities must always be equal | B. a shifted input feature tends to produce a shifted response | C. the model ignores all rotations and scale changes automatically | D. the optimizer stops after one batch,B,Convolution,0,0
216,A classmate asks about translation equivariance. Which answer is most accurate?,A. the optimizer stops after one batch | B. the model ignores all rotations and scale changes automatically | C. a shifted input feature tends to produce a shifted response | D. class probabilities must always be equal,C,Convolution,0,0
217,"In the lecture framework, what is the main role of translation equivariance?",A. class probabilities must always be equal | B. the model ignores all rotations and scale changes automatically | C. a shifted input feature tends to produce a shifted response | D. the optimizer stops after one batch,C,Convolution,0,0
218,Which statement avoids confusing translation equivariance with another neural-network component?,A. a shifted input feature tends to produce a shifted response | B. the optimizer stops after one batch | C. the model ignores all rotations and scale changes automatically | D. class probabilities must always be equal,A,Convolution,0,0
219,Which option best describes valid padding?,A. randomly deletes hidden units | B. forces the output to be a probability | C. adds enough border to preserve output size | D. uses no added border and often produces smaller spatial outputs,D,Padding and strides,0,0
220,A classmate asks about valid padding. Which answer is most accurate?,A. uses no added border and often produces smaller spatial outputs | B. randomly deletes hidden units | C. adds enough border to preserve output size | D. forces the output to be a probability,A,Padding and strides,0,0
221,"In the lecture framework, what is the main role of valid padding?",A. randomly deletes hidden units | B. adds enough border to preserve output size | C. uses no added border and often produces smaller spatial outputs | D. forces the output to be a probability,C,Padding and strides,0,0
222,Which statement avoids confusing valid padding with another neural-network component?,A. uses no added border and often produces smaller spatial outputs | B. randomly deletes hidden units | C. forces the output to be a probability | D. adds enough border to preserve output size,A,Padding and strides,0,0
223,Which option best describes same padding?,A. adds border values so spatial dimensions can be preserved | B. trains the discriminator to identify fake images | C. stores the original labels as integers only | D. removes the need for convolutional filters,A,Padding and strides,0,0
224,A classmate asks about same padding. Which answer is most accurate?,A. adds border values so spatial dimensions can be preserved | B. trains the discriminator to identify fake images | C. stores the original labels as integers only | D. removes the need for convolutional filters,A,Padding and strides,0,0
225,"In the lecture framework, what is the main role of same padding?",A. adds border values so spatial dimensions can be preserved | B. removes the need for convolutional filters | C. trains the discriminator to identify fake images | D. stores the original labels as integers only,A,Padding and strides,0,0
226,Which statement avoids confusing same padding with another neural-network component?,A. adds border values so spatial dimensions can be preserved | B. stores the original labels as integers only | C. trains the discriminator to identify fake images | D. removes the need for convolutional filters,A,Padding and strides,0,0
227,Which option best describes a stride of 2?,A. makes the loss function non-differentiable | B. freezes all dense classifier layers | C. doubles the number of classes in the target | D. moves the filter two positions at a time and downsamples the output,D,Padding and strides,0,0
228,A classmate asks about a stride of 2. Which answer is most accurate?,A. freezes all dense classifier layers | B. doubles the number of classes in the target | C. moves the filter two positions at a time and downsamples the output | D. makes the loss function non-differentiable,C,Padding and strides,0,0
229,"In the lecture framework, what is the main role of a stride of 2?",A. freezes all dense classifier layers | B. doubles the number of classes in the target | C. makes the loss function non-differentiable | D. moves the filter two positions at a time and downsamples the output,D,Padding and strides,0,0
230,Which statement avoids confusing a stride of 2 with another neural-network component?,A. moves the filter two positions at a time and downsamples the output | B. doubles the number of classes in the target | C. freezes all dense classifier layers | D. makes the loss function non-differentiable,A,Padding and strides,0,0
231,Which option best describes max pooling?,A. encodes the input as a mean and variance | B. learns a unique weight for every possible class label | C. takes the largest activation in a local window for each channel | D. turns logits into a probability distribution,C,Pooling,0,0
232,A classmate asks about max pooling. Which answer is most accurate?,A. learns a unique weight for every possible class label | B. encodes the input as a mean and variance | C. takes the largest activation in a local window for each channel | D. turns logits into a probability distribution,C,Pooling,0,0
233,"In the lecture framework, what is the main role of max pooling?",A. encodes the input as a mean and variance | B. takes the largest activation in a local window for each channel | C. turns logits into a probability distribution | D. learns a unique weight for every possible class label,B,Pooling,0,0
234,Which statement avoids confusing max pooling with another neural-network component?,A. encodes the input as a mean and variance | B. learns a unique weight for every possible class label | C. turns logits into a probability distribution | D. takes the largest activation in a local window for each channel,D,Pooling,0,0
235,Which option best describes the channel axis in an RGB image?,"A. is the number of validation examples | B. is the count of GAN discriminators | C. has depth 3 for red, green, and blue channels | D. is always equal to the batch size",C,CNN tensors,0,0
236,A classmate asks about the channel axis in an RGB image. Which answer is most accurate?,"A. is the number of validation examples | B. has depth 3 for red, green, and blue channels | C. is the count of GAN discriminators | D. is always equal to the batch size",B,CNN tensors,0,0
237,"In the lecture framework, what is the main role of the channel axis in an RGB image?","A. is the number of validation examples | B. has depth 3 for red, green, and blue channels | C. is always equal to the batch size | D. is the count of GAN discriminators",B,CNN tensors,0,0
238,Which statement avoids confusing the channel axis in an RGB image with another neural-network component?,"A. is the count of GAN discriminators | B. has depth 3 for red, green, and blue channels | C. is the number of validation examples | D. is always equal to the batch size",B,CNN tensors,0,0
239,Which option best describes the output depth of a convolutional layer?,A. equals the number of filters applied by that layer | B. is the binary cross-entropy value | C. equals the number of epochs already trained | D. must always be 3 for every CNN layer,A,CNN tensors,0,0
240,A classmate asks about the output depth of a convolutional layer. Which answer is most accurate?,A. is the binary cross-entropy value | B. equals the number of filters applied by that layer | C. equals the number of epochs already trained | D. must always be 3 for every CNN layer,B,CNN tensors,0,0
241,"In the lecture framework, what is the main role of the output depth of a convolutional layer?",A. equals the number of filters applied by that layer | B. must always be 3 for every CNN layer | C. equals the number of epochs already trained | D. is the binary cross-entropy value,A,CNN tensors,1,0
242,Which statement avoids confusing the output depth of a convolutional layer with another neural-network component?,A. equals the number of filters applied by that layer | B. must always be 3 for every CNN layer | C. is the binary cross-entropy value | D. equals the number of epochs already trained,A,CNN tensors,0,0
243,Which option best describes a convolutional layer parameter count?,"A. is always larger than every dense layer | B. depends only on the number of training examples | C. is determined by the validation accuracy | D. depends on filter width, filter height, input depth, number of filters, and biases",D,CNN parameter counts,1,0
244,A classmate asks about a convolutional layer parameter count. Which answer is most accurate?,"A. is determined by the validation accuracy | B. depends on filter width, filter height, input depth, number of filters, and biases | C. depends only on the number of training examples | D. is always larger than every dense layer",B,CNN parameter counts,0,0
245,"In the lecture framework, what is the main role of a convolutional layer parameter count?","A. depends on filter width, filter height, input depth, number of filters, and biases | B. is always larger than every dense layer | C. depends only on the number of training examples | D. is determined by the validation accuracy",A,CNN parameter counts,0,0
246,Which statement avoids confusing a convolutional layer parameter count with another neural-network component?,"A. is determined by the validation accuracy | B. depends only on the number of training examples | C. is always larger than every dense layer | D. depends on filter width, filter height, input depth, number of filters, and biases",D,CNN parameter counts,0,0
247,Which option best describes a dense layer parameter count?,A. is input units times output units plus one bias per output unit | B. is always zero after freezing a CNN base | C. is the same as the batch size | D. is filter width times filter height only,A,CNN parameter counts,0,0
248,A classmate asks about a dense layer parameter count. Which answer is most accurate?,A. is input units times output units plus one bias per output unit | B. is filter width times filter height only | C. is always zero after freezing a CNN base | D. is the same as the batch size,A,CNN parameter counts,0,0
249,"In the lecture framework, what is the main role of a dense layer parameter count?",A. is always zero after freezing a CNN base | B. is input units times output units plus one bias per output unit | C. is the same as the batch size | D. is filter width times filter height only,B,CNN parameter counts,0,0
250,Which statement avoids confusing a dense layer parameter count with another neural-network component?,A. is filter width times filter height only | B. is input units times output units plus one bias per output unit | C. is always zero after freezing a CNN base | D. is the same as the batch size,B,CNN parameter counts,0,0
251,Which option best describes a pretrained convolutional base?,A. provides reusable visual features learned from a large dataset | B. creates new labels for the target task automatically | C. is the same thing as a final softmax classifier | D. guarantees no domain mismatch can occur,A,Transfer learning,0,0
252,A classmate asks about a pretrained convolutional base. Which answer is most accurate?,A. is the same thing as a final softmax classifier | B. creates new labels for the target task automatically | C. provides reusable visual features learned from a large dataset | D. guarantees no domain mismatch can occur,C,Transfer learning,0,0
253,"In the lecture framework, what is the main role of a pretrained convolutional base?",A. is the same thing as a final softmax classifier | B. guarantees no domain mismatch can occur | C. provides reusable visual features learned from a large dataset | D. creates new labels for the target task automatically,C,Transfer learning,0,0
254,Which statement avoids confusing a pretrained convolutional base with another neural-network component?,A. creates new labels for the target task automatically | B. is the same thing as a final softmax classifier | C. guarantees no domain mismatch can occur | D. provides reusable visual features learned from a large dataset,D,Transfer learning,1,0
255,Which option best describes feature extraction without augmented data?,A. keeps the base inside the model so every augmented image passes through it | B. unfreezes every pretrained layer before classifier training | C. uses a discriminator to judge generated images | D. runs the pretrained base once and trains a classifier on saved features,D,Transfer learning,0,0
256,A classmate asks about feature extraction without augmented data. Which answer is most accurate?,A. uses a discriminator to judge generated images | B. unfreezes every pretrained layer before classifier training | C. runs the pretrained base once and trains a classifier on saved features | D. keeps the base inside the model so every augmented image passes through it,C,Transfer learning,0,0
257,"In the lecture framework, what is the main role of feature extraction without augmented data?",A. runs the pretrained base once and trains a classifier on saved features | B. keeps the base inside the model so every augmented image passes through it | C. uses a discriminator to judge generated images | D. unfreezes every pretrained layer before classifier training,A,Transfer learning,0,0
258,Which statement avoids confusing feature extraction without augmented data with another neural-network component?,A. keeps the base inside the model so every augmented image passes through it | B. unfreezes every pretrained layer before classifier training | C. uses a discriminator to judge generated images | D. runs the pretrained base once and trains a classifier on saved features,D,Transfer learning,0,0
259,Which option best describes feature extraction with augmented data?,A. saves one feature vector per original image and never reruns the base | B. removes the classifier and trains nothing | C. keeps a frozen pretrained base in the model so augmented images are processed during training | D. uses only tabular transformations,C,Transfer learning,1,0
260,A classmate asks about feature extraction with augmented data. Which answer is most accurate?,A. uses only tabular transformations | B. removes the classifier and trains nothing | C. saves one feature vector per original image and never reruns the base | D. keeps a frozen pretrained base in the model so augmented images are processed during training,D,Transfer learning,0,0
261,"In the lecture framework, what is the main role of feature extraction with augmented data?",A. saves one feature vector per original image and never reruns the base | B. keeps a frozen pretrained base in the model so augmented images are processed during training | C. uses only tabular transformations | D. removes the classifier and trains nothing,B,Transfer learning,1,0
262,Which statement avoids confusing feature extraction with augmented data with another neural-network component?,A. uses only tabular transformations | B. keeps a frozen pretrained base in the model so augmented images are processed during training | C. saves one feature vector per original image and never reruns the base | D. removes the classifier and trains nothing,B,Transfer learning,0,0
263,Which option best describes fine-tuning?,A. unfreezes a few top pretrained layers after the new classifier has been trained | B. trains the original ImageNet classifier unchanged | C. freezes the output predictions instead of weights | D. always starts by unfreezing the entire base,A,Fine-tuning,1,0
264,A classmate asks about fine-tuning. Which answer is most accurate?,A. trains the original ImageNet classifier unchanged | B. always starts by unfreezing the entire base | C. freezes the output predictions instead of weights | D. unfreezes a few top pretrained layers after the new classifier has been trained,D,Fine-tuning,0,0
265,"In the lecture framework, what is the main role of fine-tuning?",A. unfreezes a few top pretrained layers after the new classifier has been trained | B. always starts by unfreezing the entire base | C. freezes the output predictions instead of weights | D. trains the original ImageNet classifier unchanged,A,Fine-tuning,0,0
266,Which statement avoids confusing fine-tuning with another neural-network component?,A. trains the original ImageNet classifier unchanged | B. freezes the output predictions instead of weights | C. unfreezes a few top pretrained layers after the new classifier has been trained | D. always starts by unfreezing the entire base,C,Fine-tuning,0,0
267,Which option best describes why top layers are fine-tuned?,A. top layers contain the raw pixels | B. fine-tuning only changes the validation labels | C. top layers encode more specialized features that may need task adjustment | D. bottom layers have no generic edge detectors,C,Fine-tuning,0,0
268,A classmate asks about why top layers are fine-tuned. Which answer is most accurate?,A. top layers encode more specialized features that may need task adjustment | B. bottom layers have no generic edge detectors | C. fine-tuning only changes the validation labels | D. top layers contain the raw pixels,A,Fine-tuning,0,0
269,"In the lecture framework, what is the main role of why top layers are fine-tuned?",A. bottom layers have no generic edge detectors | B. top layers contain the raw pixels | C. top layers encode more specialized features that may need task adjustment | D. fine-tuning only changes the validation labels,C,Fine-tuning,1,0
270,Which statement avoids confusing why top layers are fine-tuned with another neural-network component?,A. top layers contain the raw pixels | B. fine-tuning only changes the validation labels | C. bottom layers have no generic edge detectors | D. top layers encode more specialized features that may need task adjustment,D,Fine-tuning,0,0
271,Which option best describes intermediate activations?,A. show the mean and variance of a VAE only | B. show the CSV history counters | C. show feature maps produced by layers for a particular input | D. show which mini-batches were shuffled by SGD,C,CNN visualization,0,0
272,A classmate asks about intermediate activations. Which answer is most accurate?,A. show which mini-batches were shuffled by SGD | B. show the mean and variance of a VAE only | C. show feature maps produced by layers for a particular input | D. show the CSV history counters,C,CNN visualization,0,0
273,"In the lecture framework, what is the main role of intermediate activations?",A. show feature maps produced by layers for a particular input | B. show the mean and variance of a VAE only | C. show which mini-batches were shuffled by SGD | D. show the CSV history counters,A,CNN visualization,0,0
274,Which statement avoids confusing intermediate activations with another neural-network component?,A. show the CSV history counters | B. show which mini-batches were shuffled by SGD | C. show the mean and variance of a VAE only | D. show feature maps produced by layers for a particular input,D,CNN visualization,0,0
275,Which option best describes a feature map?,A. is a spatial response grid showing where a filter activated | B. is the number of epochs used in training | C. is the final CSV row for a question | D. is the random vector used to start a GAN,A,Feature maps,0,0
276,A classmate asks about a feature map. Which answer is most accurate?,A. is the number of epochs used in training | B. is the random vector used to start a GAN | C. is a spatial response grid showing where a filter activated | D. is the final CSV row for a question,C,Feature maps,0,0
277,"In the lecture framework, what is the main role of a feature map?",A. is the random vector used to start a GAN | B. is a spatial response grid showing where a filter activated | C. is the number of epochs used in training | D. is the final CSV row for a question,B,Feature maps,0,0
278,Which statement avoids confusing a feature map with another neural-network component?,A. is the number of epochs used in training | B. is the final CSV row for a question | C. is a spatial response grid showing where a filter activated | D. is the random vector used to start a GAN,C,Feature maps,0,0
279,Which option best describes filter visualization?,A. identifies which final class had the highest probability only | B. counts how often a mock question was answered correctly | C. chooses the train-test split | D. finds an input pattern that strongly activates a selected filter,D,Filter visualization,1,0
280,A classmate asks about filter visualization. Which answer is most accurate?,A. chooses the train-test split | B. identifies which final class had the highest probability only | C. counts how often a mock question was answered correctly | D. finds an input pattern that strongly activates a selected filter,D,Filter visualization,0,0
281,"In the lecture framework, what is the main role of filter visualization?",A. chooses the train-test split | B. identifies which final class had the highest probability only | C. counts how often a mock question was answered correctly | D. finds an input pattern that strongly activates a selected filter,D,Filter visualization,0,0
282,Which statement avoids confusing filter visualization with another neural-network component?,A. counts how often a mock question was answered correctly | B. finds an input pattern that strongly activates a selected filter | C. chooses the train-test split | D. identifies which final class had the highest probability only,B,Filter visualization,0,0
283,Which option best describes a class activation heatmap?,A. shows which image regions supported a specific class prediction | B. shows every mini-batch used during SGD | C. is the same as the generated image in a GAN | D. is the one-hot vector for a class label,A,Class activation heatmaps,0,0
284,A classmate asks about a class activation heatmap. Which answer is most accurate?,A. is the same as the generated image in a GAN | B. shows which image regions supported a specific class prediction | C. shows every mini-batch used during SGD | D. is the one-hot vector for a class label,B,Class activation heatmaps,0,0
285,"In the lecture framework, what is the main role of a class activation heatmap?",A. is the same as the generated image in a GAN | B. shows every mini-batch used during SGD | C. is the one-hot vector for a class label | D. shows which image regions supported a specific class prediction,D,Class activation heatmaps,0,0
286,Which statement avoids confusing a class activation heatmap with another neural-network component?,A. shows every mini-batch used during SGD | B. is the same as the generated image in a GAN | C. shows which image regions supported a specific class prediction | D. is the one-hot vector for a class label,C,Class activation heatmaps,0,0
287,Which option best describes latent space?,A. the original high-resolution pixel grid only | B. the list of optimizer names | C. a lower-dimensional representation where important hidden factors of data are encoded | D. the final validation accuracy table,C,Latent spaces,0,0
288,A classmate asks about latent space. Which answer is most accurate?,A. the list of optimizer names | B. the original high-resolution pixel grid only | C. a lower-dimensional representation where important hidden factors of data are encoded | D. the final validation accuracy table,C,Latent spaces,0,0
289,"In the lecture framework, what is the main role of latent space?",A. the original high-resolution pixel grid only | B. a lower-dimensional representation where important hidden factors of data are encoded | C. the final validation accuracy table | D. the list of optimizer names,B,Latent spaces,0,0
290,Which statement avoids confusing latent space with another neural-network component?,A. the original high-resolution pixel grid only | B. the list of optimizer names | C. the final validation accuracy table | D. a lower-dimensional representation where important hidden factors of data are encoded,D,Latent spaces,0,0
291,Which option best describes a regular latent space?,"A. contains only hard class labels | B. maps nearby latent points to meaningful, smoothly related outputs | C. maps every point to unrelated random images | D. prevents any sampling from being possible",B,Latent spaces,0,0
292,A classmate asks about a regular latent space. Which answer is most accurate?,"A. contains only hard class labels | B. maps every point to unrelated random images | C. maps nearby latent points to meaningful, smoothly related outputs | D. prevents any sampling from being possible",C,Latent spaces,0,0
293,"In the lecture framework, what is the main role of a regular latent space?","A. prevents any sampling from being possible | B. contains only hard class labels | C. maps every point to unrelated random images | D. maps nearby latent points to meaningful, smoothly related outputs",D,Latent spaces,0,0
294,Which statement avoids confusing a regular latent space with another neural-network component?,"A. maps nearby latent points to meaningful, smoothly related outputs | B. prevents any sampling from being possible | C. contains only hard class labels | D. maps every point to unrelated random images",A,Latent spaces,0,0
295,Which option best describes an autoencoder encoder?,A. selects the learning rate | B. compresses an input into a latent representation | C. performs max pooling over final probabilities | D. judges whether generated images are fake,B,Autoencoders,0,0
296,A classmate asks about an autoencoder encoder. Which answer is most accurate?,A. performs max pooling over final probabilities | B. selects the learning rate | C. compresses an input into a latent representation | D. judges whether generated images are fake,C,Autoencoders,0,0
297,"In the lecture framework, what is the main role of an autoencoder encoder?",A. performs max pooling over final probabilities | B. judges whether generated images are fake | C. compresses an input into a latent representation | D. selects the learning rate,C,Autoencoders,0,0
298,Which statement avoids confusing an autoencoder encoder with another neural-network component?,A. compresses an input into a latent representation | B. selects the learning rate | C. performs max pooling over final probabilities | D. judges whether generated images are fake,A,Autoencoders,0,0
299,Which option best describes an autoencoder decoder?,A. turns class logits into a probability distribution | B. reconstructs the input from the latent representation | C. updates weights using the gradient | D. chooses which examples enter the test set,B,Autoencoders,0,0
300,A classmate asks about an autoencoder decoder. Which answer is most accurate?,A. updates weights using the gradient | B. turns class logits into a probability distribution | C. chooses which examples enter the test set | D. reconstructs the input from the latent representation,D,Autoencoders,1,0
